timestamp,endpoint,status,latency_ms
2025-12-02T21:20:37.753121,http://127.0.0.1:5001/ping,200,113.27
2025-12-02T21:20:40.801382,http://127.0.0.1:5001/sometimes-error,404,46.42
2025-12-02T21:20:43.810880,http://127.0.0.1:5001/ping,200,5.37
2025-12-02T21:20:48.337518,http://127.0.0.1:5001/slow,200,1524.5
2025-12-02T21:20:51.345787,http://127.0.0.1:5001/ping,200,5.6
2025-12-02T21:20:54.355203,http://127.0.0.1:5001/ping,200,6.06
2025-12-02T21:20:57.365406,http://127.0.0.1:5001/sometimes-error,404,5.79
2025-12-02T21:21:00.384022,http://127.0.0.1:5001/random-delay,404,16.74
2025-12-02T21:21:04.636768,http://127.0.0.1:5001/slow,200,1243.55
2025-12-02T21:21:08.968603,http://127.0.0.1:5001/slow,200,1329.23
2025-12-02T21:21:11.980825,http://127.0.0.1:5001/random-delay,404,9.73
2025-12-02T21:21:14.991596,http://127.0.0.1:5001/sometimes-error,404,7.89
2025-12-02T21:21:18.002402,http://127.0.0.1:5001/random-delay,404,8.9
2025-12-02T21:21:21.008403,http://127.0.0.1:5001/random-delay,404,3.84
2025-12-02T21:21:24.022735,http://127.0.0.1:5001/sometimes-error,404,12.57
2025-12-02T21:21:27.031169,http://127.0.0.1:5001/sometimes-error,404,6.55
2025-12-02T21:21:31.991733,http://127.0.0.1:5001/slow,200,1957.91
2025-12-02T21:21:35.006100,http://127.0.0.1:5001/sometimes-error,404,5.94
2025-12-02T21:21:38.049212,http://127.0.0.1:5001/ping,200,40.74
2025-12-02T21:21:41.070333,http://127.0.0.1:5001/ping,200,9.45
2025-12-02T21:21:44.078570,http://127.0.0.1:5001/ping,200,5.31
2025-12-02T21:21:49.088850,http://127.0.0.1:5001/slow,200,2008.26
2025-12-02T21:21:52.102008,http://127.0.0.1:5001/sometimes-error,404,5.83
2025-12-02T21:21:55.112823,http://127.0.0.1:5001/ping,200,9.21
2025-12-02T21:22:00.172538,http://127.0.0.1:5001/slow,200,2057.42
2025-12-02T21:22:03.180111,http://127.0.0.1:5001/ping,200,5.63
2025-12-02T21:22:07.864591,http://127.0.0.1:5001/slow,200,1680.76
2025-12-02T21:22:12.476017,http://127.0.0.1:5001/slow,200,1601.6
2025-12-02T21:22:15.510794,http://127.0.0.1:5001/random-delay,404,31.97
2025-12-02T21:22:18.531414,http://127.0.0.1:5001/ping,200,16.05
2025-12-02T21:22:21.542997,http://127.0.0.1:5001/ping,200,4.78
2025-12-02T21:22:24.560303,http://127.0.0.1:5001/random-delay,404,14.04
2025-12-02T21:22:27.574273,http://127.0.0.1:5001/sometimes-error,404,6.75
2025-12-02T21:22:30.582083,http://127.0.0.1:5001/ping,200,5.79
2025-12-02T21:22:34.948909,http://127.0.0.1:5001/slow,200,1362.57
2025-12-02T21:22:39.336995,http://127.0.0.1:5001/slow,200,1385.41
2025-12-02T21:22:42.347935,http://127.0.0.1:5001/ping,200,9.28
2025-12-02T21:22:45.543330,http://127.0.0.1:5001/random-delay,404,192.86
2025-12-02T21:22:48.564233,http://127.0.0.1:5001/random-delay,404,6.83
2025-12-02T21:22:53.905121,http://127.0.0.1:5001/slow,200,2336.1
2025-12-02T21:22:56.930348,http://127.0.0.1:5001/random-delay,404,16.85
2025-12-02T21:22:59.946634,http://127.0.0.1:5001/random-delay,404,11.08
2025-12-02T21:23:05.590360,http://127.0.0.1:5001/slow,200,2637.44
2025-12-02T21:23:08.602473,http://127.0.0.1:5001/random-delay,404,7.97
2025-12-02T21:23:11.609325,http://127.0.0.1:5001/random-delay,404,5.1
2025-12-02T21:23:14.618378,http://127.0.0.1:5001/sometimes-error,404,6.27
2025-12-02T21:23:17.637493,http://127.0.0.1:5001/ping,200,15.94
2025-12-02T21:23:20.673726,http://127.0.0.1:5001/random-delay,404,30.92
2025-12-02T21:23:23.684671,http://127.0.0.1:5001/sometimes-error,404,6.15
2025-12-02T21:23:26.696644,http://127.0.0.1:5001/random-delay,404,9.44
2025-12-02T21:23:32.393969,http://127.0.0.1:5001/slow,200,2692.23
2025-12-02T21:23:35.405559,http://127.0.0.1:5001/random-delay,404,6.91
2025-12-02T21:23:40.916846,http://127.0.0.1:5001/slow,200,2506.53
2025-12-02T21:23:43.940818,http://127.0.0.1:5001/ping,200,21.15
2025-12-02T21:23:46.950715,http://127.0.0.1:5001/sometimes-error,404,7.7
2025-12-02T21:23:49.958685,http://127.0.0.1:5001/ping,200,5.81
2025-12-02T21:23:55.365610,http://127.0.0.1:5001/slow,200,2404.75
2025-12-02T21:23:58.394307,http://127.0.0.1:5001/ping,200,26.31
2025-12-02T21:24:01.400746,http://127.0.0.1:5001/sometimes-error,404,4.49
2025-12-02T21:24:04.410572,http://127.0.0.1:5001/ping,200,8.12
2025-12-02T21:24:07.423938,http://127.0.0.1:5001/sometimes-error,404,10.67
2025-12-02T21:24:10.433802,http://127.0.0.1:5001/ping,200,7.07
2025-12-02T21:24:13.442998,http://127.0.0.1:5001/sometimes-error,404,5.7
2025-12-02T21:24:16.453107,http://127.0.0.1:5001/sometimes-error,404,6.12
2025-12-02T21:24:19.464660,http://127.0.0.1:5001/random-delay,404,8.07
2025-12-02T21:24:22.479830,http://127.0.0.1:5001/random-delay,404,11.98
2025-12-02T21:24:25.490155,http://127.0.0.1:5001/sometimes-error,404,6.0
2025-12-02T21:24:28.497750,http://127.0.0.1:5001/sometimes-error,404,5.76
2025-12-02T21:24:31.510644,http://127.0.0.1:5001/ping,200,8.25
2025-12-02T21:24:34.528418,http://127.0.0.1:5001/random-delay,404,7.62
2025-12-02T21:24:37.536764,http://127.0.0.1:5001/random-delay,404,6.14
2025-12-02T21:24:40.546834,http://127.0.0.1:5001/sometimes-error,404,5.42
2025-12-02T21:24:43.557282,http://127.0.0.1:5001/sometimes-error,404,8.44
2025-12-02T21:24:46.564925,http://127.0.0.1:5001/sometimes-error,404,5.94
2025-12-02T21:24:49.570794,http://127.0.0.1:5001/sometimes-error,404,3.92
2025-12-02T21:24:52.578258,http://127.0.0.1:5001/random-delay,404,5.85
2025-12-02T21:24:55.588473,http://127.0.0.1:5001/random-delay,404,7.68
2025-12-02T21:24:59.709828,http://127.0.0.1:5001/slow,200,1118.76
2025-12-02T21:25:02.715588,http://127.0.0.1:5001/sometimes-error,404,4.04
2025-12-02T21:25:05.721872,http://127.0.0.1:5001/sometimes-error,404,4.46
2025-12-02T21:25:08.730077,http://127.0.0.1:5001/sometimes-error,404,6.54
2025-12-02T21:25:13.267717,http://127.0.0.1:5001/slow,200,1532.73
2025-12-02T21:25:16.279950,http://127.0.0.1:5001/sometimes-error,404,9.67
2025-12-02T21:25:20.632118,http://127.0.0.1:5001/slow,200,1350.5
2025-12-02T21:25:25.460608,http://127.0.0.1:5001/slow,200,1820.71
2025-12-02T21:25:28.472517,http://127.0.0.1:5001/sometimes-error,404,7.86
2025-12-02T21:25:31.485697,http://127.0.0.1:5001/sometimes-error,404,5.26
2025-12-02T21:25:34.495301,http://127.0.0.1:5001/ping,200,6.64
2025-12-02T21:25:37.500786,http://127.0.0.1:5001/random-delay,404,3.85
2025-12-02T21:25:41.598841,http://127.0.0.1:5001/slow,200,1095.12
2025-12-02T21:25:47.592253,http://127.0.0.1:5001/slow,200,2990.6
2025-12-02T21:25:50.661807,http://127.0.0.1:5001/random-delay,404,67.14
2025-12-02T21:25:53.681164,http://127.0.0.1:5001/sometimes-error,404,5.42
2025-12-02T21:25:59.121679,http://127.0.0.1:5001/slow,200,2435.7
2025-12-02T21:26:02.130705,http://127.0.0.1:5001/ping,200,7.28
2025-12-02T21:26:05.139616,http://127.0.0.1:5001/ping,200,6.76
2025-12-02T21:26:08.147210,http://127.0.0.1:5001/ping,200,5.34
2025-12-02T21:26:11.162215,http://127.0.0.1:5001/random-delay,404,13.36
2025-12-02T21:26:15.898666,http://127.0.0.1:5001/slow,200,1732.68
2025-12-02T21:26:19.014065,http://127.0.0.1:5001/sometimes-error,404,112.24
2025-12-02T21:26:22.025114,http://127.0.0.1:5001/random-delay,404,8.38
2025-12-02T21:26:25.034546,http://127.0.0.1:5001/ping,200,5.8
2025-12-02T21:26:28.045243,http://127.0.0.1:5001/random-delay,404,5.72
2025-12-02T21:26:31.052235,http://127.0.0.1:5001/sometimes-error,404,4.7
2025-12-02T21:26:34.062671,http://127.0.0.1:5001/random-delay,404,6.55
2025-12-02T21:26:37.107423,http://127.0.0.1:5001/ping,200,41.12
2025-12-02T21:26:40.131818,http://127.0.0.1:5001/sometimes-error,404,10.75
2025-12-02T21:26:43.256474,http://127.0.0.1:5001/sometimes-error,404,117.82
2025-12-02T21:26:46.293443,http://127.0.0.1:5001/random-delay,404,30.14
2025-12-02T21:26:49.308936,http://127.0.0.1:5001/ping,200,10.46
2025-12-02T21:26:52.317784,http://127.0.0.1:5001/sometimes-error,404,5.03
2025-12-02T21:26:56.872419,http://127.0.0.1:5001/slow,200,1549.49
2025-12-02T21:26:59.882869,http://127.0.0.1:5001/random-delay,404,6.77
2025-12-02T21:27:02.915909,http://127.0.0.1:5001/random-delay,404,25.85
2025-12-02T21:27:05.955716,http://127.0.0.1:5001/random-delay,404,21.18
2025-12-02T21:27:08.965788,http://127.0.0.1:5001/sometimes-error,404,5.55
2025-12-02T21:27:11.975966,http://127.0.0.1:5001/sometimes-error,404,7.68
2025-12-02T21:27:14.994934,http://127.0.0.1:5001/random-delay,404,12.73
2025-12-02T21:27:18.008856,http://127.0.0.1:5001/random-delay,404,11.63
2025-12-02T21:27:21.029194,http://127.0.0.1:5001/sometimes-error,404,7.12
2025-12-02T21:27:24.038445,http://127.0.0.1:5001/random-delay,404,6.25
2025-12-02T21:27:27.054993,http://127.0.0.1:5001/random-delay,404,14.22
2025-12-02T21:27:33.525716,http://127.0.0.1:5001/ping,200,3451.56
2025-12-02T21:27:36.535393,http://127.0.0.1:5001/sometimes-error,404,7.03
2025-12-02T21:27:42.338168,http://127.0.0.1:5001/slow,200,2800.22
2025-12-02T21:27:45.357181,http://127.0.0.1:5001/sometimes-error,404,17.09
2025-12-02T21:27:48.362576,http://127.0.0.1:5001/sometimes-error,404,4.24
2025-12-02T21:27:51.376635,http://127.0.0.1:5001/sometimes-error,404,6.04
2025-12-02T21:27:54.384625,http://127.0.0.1:5001/ping,200,5.43
2025-12-02T21:27:57.394569,http://127.0.0.1:5001/ping,200,4.72
2025-12-02T21:28:01.894462,http://127.0.0.1:5001/slow,200,1497.96
2025-12-02T21:28:04.904446,http://127.0.0.1:5001/random-delay,404,5.92
2025-12-02T21:28:07.915191,http://127.0.0.1:5001/random-delay,404,5.59
2025-12-02T21:28:10.928978,http://127.0.0.1:5001/sometimes-error,404,9.33
2025-12-02T21:28:13.937026,http://127.0.0.1:5001/sometimes-error,404,5.91
2025-12-02T21:28:19.595248,http://127.0.0.1:5001/slow,200,2653.36
2025-12-02T21:28:22.602390,http://127.0.0.1:5001/ping,200,4.56
2025-12-02T21:28:25.608362,http://127.0.0.1:5001/ping,200,4.17
2025-12-02T21:28:31.127092,http://127.0.0.1:5001/slow,200,2516.64
2025-12-02T21:28:35.382112,http://127.0.0.1:5001/slow,200,1253.41
2025-12-02T21:28:40.088811,http://127.0.0.1:5001/slow,200,1703.53
2025-12-02T21:28:46.057772,http://127.0.0.1:5001/slow,200,2966.98
2025-12-02T21:28:49.064914,http://127.0.0.1:5001/ping,200,4.59
2025-12-02T21:28:54.783877,http://127.0.0.1:5001/slow,200,2716.83
2025-12-02T21:28:57.828861,http://127.0.0.1:5001/sometimes-error,404,28.86
2025-12-02T21:29:00.866874,http://127.0.0.1:5001/random-delay,404,22.09
2025-12-02T21:29:06.046069,http://127.0.0.1:5001/slow,200,2165.85
2025-12-02T21:29:09.059931,http://127.0.0.1:5001/sometimes-error,404,10.24
2025-12-02T21:29:12.072394,http://127.0.0.1:5001/ping,200,7.52
2025-12-02T21:29:15.080909,http://127.0.0.1:5001/ping,200,5.99
2025-12-02T21:29:18.137187,http://127.0.0.1:5001/sometimes-error,404,50.79
2025-12-02T21:29:21.179248,http://127.0.0.1:5001/sometimes-error,404,32.54
2025-12-02T21:29:24.247048,http://127.0.0.1:5001/random-delay,404,49.73
2025-12-02T21:29:27.281226,http://127.0.0.1:5001/sometimes-error,404,22.7
2025-12-02T21:29:30.324517,http://127.0.0.1:5001/sometimes-error,404,39.37
2025-12-02T21:29:33.336159,http://127.0.0.1:5001/ping,200,8.77
2025-12-02T21:29:36.351063,http://127.0.0.1:5001/random-delay,404,13.04
2025-12-02T21:29:39.360257,http://127.0.0.1:5001/random-delay,404,6.7
2025-12-02T21:29:42.369228,http://127.0.0.1:5001/ping,200,6.13
2025-12-02T21:29:45.376472,http://127.0.0.1:5001/sometimes-error,404,4.75
2025-12-02T21:29:48.384894,http://127.0.0.1:5001/ping,200,4.86
2025-12-02T21:29:52.565405,http://127.0.0.1:5001/slow,200,1178.58
2025-12-02T21:29:55.572200,http://127.0.0.1:5001/ping,200,5.05
2025-12-02T21:29:58.584128,http://127.0.0.1:5001/random-delay,404,5.73
2025-12-02T21:30:01.681545,http://127.0.0.1:5001/ping,200,95.54
2025-12-02T21:30:05.906938,http://127.0.0.1:5001/slow,200,1218.81
2025-12-02T21:30:08.914671,http://127.0.0.1:5001/sometimes-error,404,5.16
2025-12-02T21:30:11.923973,http://127.0.0.1:5001/random-delay,404,7.07
2025-12-02T21:30:16.719440,http://127.0.0.1:5001/slow,200,1784.09
2025-12-02T21:30:21.278258,http://127.0.0.1:5001/slow,200,1556.02
2025-12-02T21:30:24.289330,http://127.0.0.1:5001/sometimes-error,404,5.53
2025-12-02T21:30:27.295632,http://127.0.0.1:5001/sometimes-error,404,4.47
2025-12-02T21:30:30.304416,http://127.0.0.1:5001/sometimes-error,404,5.89
2025-12-02T21:30:33.312114,http://127.0.0.1:5001/ping,200,5.85
2025-12-02T21:30:36.320702,http://127.0.0.1:5001/ping,200,4.81
2025-12-02T21:30:39.327454,http://127.0.0.1:5001/ping,200,4.74
2025-12-02T21:30:42.333663,http://127.0.0.1:5001/sometimes-error,404,4.29
2025-12-02T21:30:47.160403,http://127.0.0.1:5001/slow,200,1824.83
2025-12-02T21:30:50.168019,http://127.0.0.1:5001/random-delay,404,5.67
2025-12-02T21:30:54.679260,http://127.0.0.1:5001/slow,200,1478.27
2025-12-02T21:30:57.708173,http://127.0.0.1:5001/random-delay,404,20.32
2025-12-02T21:31:00.770295,http://127.0.0.1:5001/random-delay,404,37.65
2025-12-02T21:31:05.863891,http://127.0.0.1:5001/sometimes-error,404,2081.29
2025-12-02T21:31:08.889316,http://127.0.0.1:5001/random-delay,404,16.98
2025-12-02T21:31:11.896983,http://127.0.0.1:5001/sometimes-error,404,5.8
2025-12-02T21:31:14.913672,http://127.0.0.1:5001/sometimes-error,404,12.99
2025-12-02T21:31:17.924709,http://127.0.0.1:5001/random-delay,404,5.89
2025-12-02T21:31:20.933505,http://127.0.0.1:5001/ping,200,5.68
2025-12-02T21:31:26.589945,http://127.0.0.1:5001/slow,200,2653.61
2025-12-02T21:31:29.599576,http://127.0.0.1:5001/random-delay,404,6.52
2025-12-02T21:31:32.613019,http://127.0.0.1:5001/random-delay,404,6.79
2025-12-02T21:31:35.621987,http://127.0.0.1:5001/random-delay,404,6.37
2025-12-02T21:31:38.630620,http://127.0.0.1:5001/sometimes-error,404,5.39
2025-12-02T21:31:41.636899,http://127.0.0.1:5001/sometimes-error,404,4.21
2025-12-02T21:31:46.383737,http://127.0.0.1:5001/slow,200,1744.48
2025-12-02T21:31:49.396659,http://127.0.0.1:5001/random-delay,404,4.38
2025-12-02T21:31:52.403019,http://127.0.0.1:5001/ping,200,4.71
2025-12-02T21:31:55.411909,http://127.0.0.1:5001/random-delay,404,6.99
2025-12-02T21:31:58.428077,http://127.0.0.1:5001/ping,200,7.22
2025-12-02T21:32:01.436207,http://127.0.0.1:5001/random-delay,404,4.49
2025-12-02T21:32:04.449441,http://127.0.0.1:5001/random-delay,404,9.54
2025-12-02T21:32:07.461784,http://127.0.0.1:5001/random-delay,404,6.42
2025-12-02T21:32:12.828211,http://127.0.0.1:5001/slow,200,2364.03
2025-12-02T21:32:17.016723,http://127.0.0.1:5001/slow,200,1186.93
2025-12-02T21:32:20.031989,http://127.0.0.1:5001/ping,200,12.94
2025-12-02T21:32:23.044894,http://127.0.0.1:5001/random-delay,404,8.31
2025-12-02T21:32:26.051454,http://127.0.0.1:5001/random-delay,404,4.5
2025-12-02T21:32:29.057495,http://127.0.0.1:5001/ping,200,4.51
2025-12-02T21:32:32.063574,http://127.0.0.1:5001/ping,200,4.44
2025-12-02T21:32:35.072513,http://127.0.0.1:5001/sometimes-error,404,6.77
2025-12-02T21:32:38.082380,http://127.0.0.1:5001/random-delay,404,4.24
2025-12-02T21:32:41.092820,http://127.0.0.1:5001/ping,200,6.79
2025-12-02T21:32:45.795051,http://127.0.0.1:5001/slow,200,1698.3
2025-12-02T21:32:48.807791,http://127.0.0.1:5001/random-delay,404,10.8
2025-12-02T21:32:52.841200,http://127.0.0.1:5001/slow,200,1028.75
2025-12-02T21:32:55.862821,http://127.0.0.1:5001/random-delay,404,18.81
2025-12-02T21:32:58.874628,http://127.0.0.1:5001/ping,200,5.35
2025-12-02T21:33:03.177940,http://127.0.0.1:5001/slow,200,1301.88
2025-12-02T21:33:06.184159,http://127.0.0.1:5001/sometimes-error,404,4.55
2025-12-02T21:33:10.787730,http://127.0.0.1:5001/slow,200,1601.66
2025-12-02T21:33:13.813772,http://127.0.0.1:5001/ping,200,23.06
2025-12-02T21:33:16.844746,http://127.0.0.1:5001/random-delay,404,26.89
2025-12-02T21:33:19.852658,http://127.0.0.1:5001/sometimes-error,404,5.99
2025-12-02T21:33:22.862935,http://127.0.0.1:5001/sometimes-error,404,4.86
2025-12-02T21:33:25.874118,http://127.0.0.1:5001/ping,200,9.17
2025-12-02T21:33:28.894927,http://127.0.0.1:5001/random-delay,404,14.8
2025-12-02T21:33:31.905915,http://127.0.0.1:5001/ping,200,6.71
2025-12-02T21:33:34.919075,http://127.0.0.1:5001/sometimes-error,404,7.2
2025-12-02T21:33:37.928128,http://127.0.0.1:5001/sometimes-error,404,7.28
2025-12-02T21:33:40.934584,http://127.0.0.1:5001/random-delay,404,4.69
2025-12-02T21:33:43.947306,http://127.0.0.1:5001/sometimes-error,404,9.51
2025-12-02T21:33:46.955238,http://127.0.0.1:5001/sometimes-error,404,6.0
2025-12-02T21:33:49.966967,http://127.0.0.1:5001/random-delay,404,9.47
2025-12-02T21:33:52.983832,http://127.0.0.1:5001/ping,200,10.1
2025-12-02T21:33:55.995903,http://127.0.0.1:5001/random-delay,404,6.4
2025-12-02T21:33:59.008708,http://127.0.0.1:5001/ping,200,10.7
2025-12-02T21:34:04.235504,http://127.0.0.1:5001/slow,200,2222.39
2025-12-02T21:34:08.335292,http://127.0.0.1:5001/slow,200,1096.68
2025-12-02T21:34:11.344545,http://127.0.0.1:5001/ping,200,6.07
2025-12-02T21:34:14.352021,http://127.0.0.1:5001/ping,200,5.52
2025-12-02T21:34:17.359774,http://127.0.0.1:5001/random-delay,404,5.92
2025-12-02T21:34:21.559691,http://127.0.0.1:5001/slow,200,1197.38
2025-12-02T21:34:24.583163,http://127.0.0.1:5001/sometimes-error,404,18.0
2025-12-02T21:34:27.590319,http://127.0.0.1:5001/random-delay,404,4.95
2025-12-02T21:34:32.427012,http://127.0.0.1:5001/slow,200,1834.83
2025-12-02T21:34:35.434338,http://127.0.0.1:5001/random-delay,404,4.04
2025-12-02T21:34:39.587944,http://127.0.0.1:5001/slow,200,1151.27
2025-12-02T21:34:42.597339,http://127.0.0.1:5001/ping,200,6.23
2025-12-02T21:34:45.604172,http://127.0.0.1:5001/random-delay,404,4.74
2025-12-02T21:34:48.625360,http://127.0.0.1:5001/sometimes-error,404,19.02
2025-12-02T21:34:51.641836,http://127.0.0.1:5001/sometimes-error,404,9.74
2025-12-02T21:34:54.683704,http://127.0.0.1:5001/sometimes-error,404,38.71
2025-12-02T21:34:59.945231,http://127.0.0.1:5001/slow,200,2250.86
2025-12-02T21:35:02.953375,http://127.0.0.1:5001/random-delay,404,5.94
2025-12-02T21:35:05.961578,http://127.0.0.1:5001/sometimes-error,404,6.48
2025-12-02T21:35:08.972820,http://127.0.0.1:5001/ping,200,9.11
2025-12-02T21:35:11.981130,http://127.0.0.1:5001/sometimes-error,404,6.57
2025-12-02T21:35:17.431114,http://127.0.0.1:5001/slow,200,2448.1
2025-12-02T21:35:20.440122,http://127.0.0.1:5001/ping,200,6.88
2025-12-02T21:35:23.447444,http://127.0.0.1:5001/ping,200,5.63
2025-12-02T21:35:26.510325,http://127.0.0.1:5001/sometimes-error,404,56.12
2025-12-02T21:35:29.522708,http://127.0.0.1:5001/random-delay,404,5.4
2025-12-02T21:35:32.531689,http://127.0.0.1:5001/ping,200,5.48
2025-12-02T21:35:35.539470,http://127.0.0.1:5001/sometimes-error,404,5.46
2025-12-02T21:35:38.550288,http://127.0.0.1:5001/ping,200,7.68
2025-12-02T21:35:41.557494,http://127.0.0.1:5001/sometimes-error,404,4.6
2025-12-02T21:35:46.037055,http://127.0.0.1:5001/slow,200,1477.71
2025-12-02T21:35:49.044071,http://127.0.0.1:5001/ping,200,4.52
2025-12-02T21:35:52.053059,http://127.0.0.1:5001/random-delay,404,7.01
2025-12-02T21:35:55.063018,http://127.0.0.1:5001/ping,200,6.89
2025-12-02T21:36:00.890719,http://127.0.0.1:5001/slow,200,2824.7
2025-12-02T21:36:03.903846,http://127.0.0.1:5001/random-delay,404,7.73
2025-12-02T21:36:09.867168,http://127.0.0.1:5001/slow,200,2956.81
2025-12-02T21:36:15.762820,http://127.0.0.1:5001/slow,200,2893.65
2025-12-02T21:36:18.774704,http://127.0.0.1:5001/random-delay,404,10.11
2025-12-02T21:36:21.794552,http://127.0.0.1:5001/random-delay,404,18.03
2025-12-02T21:36:24.801841,http://127.0.0.1:5001/random-delay,404,5.56
2025-12-02T21:36:27.808153,http://127.0.0.1:5001/sometimes-error,404,4.36
2025-12-02T21:36:33.550207,http://127.0.0.1:5001/slow,200,2739.78
2025-12-02T21:36:36.559798,http://127.0.0.1:5001/random-delay,404,7.28
2025-12-02T21:36:39.571441,http://127.0.0.1:5001/ping,200,8.68
2025-12-02T21:36:42.578455,http://127.0.0.1:5001/sometimes-error,404,4.29
2025-12-02T21:36:45.604803,http://127.0.0.1:5001/sometimes-error,404,17.71
2025-12-02T21:36:51.459110,http://127.0.0.1:5001/slow,200,2849.65
2025-12-02T21:36:54.467541,http://127.0.0.1:5001/sometimes-error,404,4.99
2025-12-02T21:37:00.256837,http://127.0.0.1:5001/slow,200,2787.22
2025-12-02T21:37:05.521059,http://127.0.0.1:5001/slow,200,2253.84
2025-12-02T21:37:10.850034,http://127.0.0.1:5001/slow,200,2320.4
2025-12-02T21:37:13.872495,http://127.0.0.1:5001/random-delay,404,12.48
2025-12-02T21:37:16.893112,http://127.0.0.1:5001/sometimes-error,404,13.67
2025-12-02T21:37:19.908225,http://127.0.0.1:5001/random-delay,404,5.79
2025-12-02T21:37:22.923491,http://127.0.0.1:5001/ping,200,13.67
2025-12-02T21:37:25.932692,http://127.0.0.1:5001/random-delay,404,5.48
2025-12-02T21:37:28.942150,http://127.0.0.1:5001/random-delay,404,7.37
2025-12-02T21:37:31.948442,http://127.0.0.1:5001/ping,200,4.06
2025-12-02T21:37:34.959685,http://127.0.0.1:5001/ping,200,4.5
2025-12-02T21:37:37.967421,http://127.0.0.1:5001/sometimes-error,404,5.78
2025-12-02T21:37:40.993479,http://127.0.0.1:5001/random-delay,404,21.02
2025-12-02T21:37:44.178228,http://127.0.0.1:5001/sometimes-error,404,174.47
2025-12-02T21:37:47.200946,http://127.0.0.1:5001/random-delay,404,7.31
2025-12-02T21:37:52.024528,http://127.0.0.1:5001/slow,200,1817.58
2025-12-02T21:37:56.980386,http://127.0.0.1:5001/slow,200,1953.25
2025-12-02T21:37:59.990776,http://127.0.0.1:5001/ping,200,8.7
2025-12-02T21:38:03.013615,http://127.0.0.1:5001/ping,200,20.23
2025-12-02T21:38:06.019946,http://127.0.0.1:5001/ping,200,3.79
2025-12-02T21:38:09.038999,http://127.0.0.1:5001/sometimes-error,404,13.66
2025-12-02T21:38:12.048562,http://127.0.0.1:5001/ping,200,3.68
2025-12-02T21:38:15.055310,http://127.0.0.1:5001/ping,200,5.15
2025-12-02T21:38:18.090578,http://127.0.0.1:5001/random-delay,404,21.12
2025-12-02T21:38:21.097751,http://127.0.0.1:5001/ping,200,5.1
2025-12-02T21:38:24.105346,http://127.0.0.1:5001/sometimes-error,404,4.5
2025-12-02T21:38:27.113326,http://127.0.0.1:5001/random-delay,404,6.22
2025-12-02T21:38:31.315869,http://127.0.0.1:5001/slow,200,1199.54
2025-12-02T21:38:35.681654,http://127.0.0.1:5001/slow,200,1363.24
2025-12-02T21:38:38.691026,http://127.0.0.1:5001/ping,200,7.22
2025-12-02T21:38:41.702307,http://127.0.0.1:5001/random-delay,404,5.54
2025-12-02T21:38:44.708712,http://127.0.0.1:5001/random-delay,404,4.96
2025-12-02T21:38:47.715229,http://127.0.0.1:5001/random-delay,404,4.16
2025-12-02T21:38:50.722003,http://127.0.0.1:5001/random-delay,404,5.05
2025-12-02T21:38:55.866280,http://127.0.0.1:5001/slow,200,2141.16
2025-12-02T21:38:58.878891,http://127.0.0.1:5001/sometimes-error,404,10.26
2025-12-02T21:39:01.891459,http://127.0.0.1:5001/ping,200,6.64
2025-12-02T21:39:06.281535,http://127.0.0.1:5001/slow,200,1387.16
2025-12-02T21:39:09.292900,http://127.0.0.1:5001/ping,200,4.72
2025-12-02T21:39:14.162886,http://127.0.0.1:5001/slow,200,1865.91
2025-12-02T21:39:17.170724,http://127.0.0.1:5001/ping,200,4.96
2025-12-02T21:39:20.179539,http://127.0.0.1:5001/random-delay,404,5.23
2025-12-02T21:39:23.189267,http://127.0.0.1:5001/ping,200,5.37
2025-12-02T21:39:26.199868,http://127.0.0.1:5001/random-delay,404,8.32
2025-12-02T21:39:29.210292,http://127.0.0.1:5001/ping,200,6.88
2025-12-02T21:39:32.222379,http://127.0.0.1:5001/sometimes-error,404,5.95
2025-12-02T21:39:35.234384,http://127.0.0.1:5001/random-delay,404,4.77
2025-12-02T21:39:38.245020,http://127.0.0.1:5001/sometimes-error,404,8.69
2025-12-02T21:39:41.252740,http://127.0.0.1:5001/ping,200,6.0
2025-12-02T21:39:44.261304,http://127.0.0.1:5001/sometimes-error,404,6.29
2025-12-02T21:39:49.254407,http://127.0.0.1:5001/slow,200,1991.12
2025-12-02T21:39:54.624124,http://127.0.0.1:5001/slow,200,2366.81
2025-12-02T21:39:59.637191,http://127.0.0.1:5001/slow,200,2011.02
2025-12-02T21:40:02.645113,http://127.0.0.1:5001/sometimes-error,404,5.37
2025-12-02T21:40:05.657715,http://127.0.0.1:5001/ping,200,10.29
2025-12-02T21:40:08.667608,http://127.0.0.1:5001/random-delay,404,4.43
2025-12-02T21:40:13.881283,http://127.0.0.1:5001/slow,200,2211.53
2025-12-02T21:40:16.890235,http://127.0.0.1:5001/ping,200,4.68
2025-12-02T21:40:22.246239,http://127.0.0.1:5001/slow,200,2354.26
2025-12-02T21:40:25.252779,http://127.0.0.1:5001/ping,200,4.61
2025-12-02T21:40:28.313244,http://127.0.0.1:5001/random-delay,404,58.04
2025-12-02T21:40:32.412028,http://127.0.0.1:5001/slow,200,1076.13
2025-12-02T21:40:35.417578,http://127.0.0.1:5001/sometimes-error,404,3.88
2025-12-02T21:40:38.430802,http://127.0.0.1:5001/random-delay,404,10.36
2025-12-02T21:40:41.437959,http://127.0.0.1:5001/sometimes-error,404,5.37
2025-12-02T21:40:44.456410,http://127.0.0.1:5001/sometimes-error,404,15.43
2025-12-02T21:40:49.957500,http://127.0.0.1:5001/slow,200,2498.88
2025-12-02T21:40:52.969345,http://127.0.0.1:5001/sometimes-error,404,8.31
2025-12-02T21:40:55.982650,http://127.0.0.1:5001/sometimes-error,404,5.82
2025-12-02T21:40:58.990588,http://127.0.0.1:5001/random-delay,404,5.56
2025-12-02T21:41:02.022979,http://127.0.0.1:5001/random-delay,404,30.68
2025-12-02T21:41:07.312595,http://127.0.0.1:5001/slow,200,2287.79
2025-12-02T21:41:10.321121,http://127.0.0.1:5001/sometimes-error,404,5.25
2025-12-02T21:41:13.341692,http://127.0.0.1:5001/sometimes-error,404,18.55
2025-12-02T21:41:18.341781,http://127.0.0.1:5001/slow,200,1995.74
2025-12-02T21:41:21.367125,http://127.0.0.1:5001/random-delay,404,22.88
2025-12-02T21:41:24.385041,http://127.0.0.1:5001/ping,200,11.0
2025-12-02T21:41:29.820333,http://127.0.0.1:5001/slow,200,2431.55
2025-12-02T21:41:32.869644,http://127.0.0.1:5001/sometimes-error,404,47.18
2025-12-02T21:41:35.879813,http://127.0.0.1:5001/sometimes-error,404,5.46
2025-12-02T21:41:40.937797,http://127.0.0.1:5001/slow,200,2056.16
2025-12-02T21:41:45.450626,http://127.0.0.1:5001/slow,200,1510.55
2025-12-02T21:41:48.459166,http://127.0.0.1:5001/random-delay,404,6.01
2025-12-02T21:41:51.477279,http://127.0.0.1:5001/random-delay,404,15.16
2025-12-02T21:41:54.525485,http://127.0.0.1:5001/sometimes-error,404,27.59
2025-12-02T21:41:59.160829,http://127.0.0.1:5001/slow,200,1624.35
2025-12-02T21:42:02.171285,http://127.0.0.1:5001/random-delay,404,5.23
2025-12-02T21:42:06.718766,http://127.0.0.1:5001/slow,200,1544.65
2025-12-02T21:42:12.658020,http://127.0.0.1:5001/slow,200,2934.9
2025-12-02T21:42:15.675560,http://127.0.0.1:5001/sometimes-error,404,13.21
2025-12-02T21:42:21.553092,http://127.0.0.1:5001/slow,200,2869.23
2025-12-02T21:42:24.562951,http://127.0.0.1:5001/sometimes-error,404,5.34
2025-12-02T21:42:28.927980,http://127.0.0.1:5001/slow,200,1359.65
2025-12-02T21:42:34.004150,http://127.0.0.1:5001/slow,200,2072.2
2025-12-02T21:42:37.020867,http://127.0.0.1:5001/ping,200,14.26
2025-12-02T21:42:40.029934,http://127.0.0.1:5001/ping,200,4.28
2025-12-02T21:42:44.052075,http://127.0.0.1:5001/slow,200,1020.52
2025-12-02T21:42:47.064275,http://127.0.0.1:5001/sometimes-error,404,10.51
2025-12-02T21:42:50.071642,http://127.0.0.1:5001/ping,200,5.5
2025-12-02T21:42:53.078310,http://127.0.0.1:5001/ping,200,4.88
2025-12-02T21:42:56.101959,http://127.0.0.1:5001/sometimes-error,404,20.61
2025-12-02T21:42:59.119327,http://127.0.0.1:5001/ping,200,9.3
2025-12-02T21:43:02.133586,http://127.0.0.1:5001/random-delay,404,6.06
2025-12-02T21:43:05.143048,http://127.0.0.1:5001/sometimes-error,404,6.18
2025-12-02T21:43:09.354678,http://127.0.0.1:5001/slow,200,1209.93
2025-12-02T21:43:12.418509,http://127.0.0.1:5001/sometimes-error,404,58.41
2025-12-02T21:43:15.434136,http://127.0.0.1:5001/ping,200,5.78
2025-12-02T21:43:20.305582,http://127.0.0.1:5001/slow,200,1868.95
2025-12-02T21:43:23.318094,http://127.0.0.1:5001/random-delay,404,5.1
2025-12-02T21:43:26.324920,http://127.0.0.1:5001/random-delay,404,4.91
2025-12-02T21:43:29.332848,http://127.0.0.1:5001/random-delay,404,5.73
2025-12-02T21:43:34.601900,http://127.0.0.1:5001/slow,200,2267.36
2025-12-02T21:43:37.608716,http://127.0.0.1:5001/random-delay,404,5.31
2025-12-02T21:43:40.614686,http://127.0.0.1:5001/sometimes-error,404,4.44
2025-12-02T21:43:46.483679,http://127.0.0.1:5001/slow,200,2867.31
2025-12-02T21:43:51.118746,http://127.0.0.1:5001/slow,200,1633.16
2025-12-02T21:43:56.218821,http://127.0.0.1:5001/slow,200,2097.19
2025-12-02T21:44:02.309485,http://127.0.0.1:5001/slow,200,3085.28
2025-12-02T21:44:05.319516,http://127.0.0.1:5001/random-delay,404,7.18
2025-12-02T21:44:09.592350,http://127.0.0.1:5001/slow,200,1266.55
2025-12-02T21:44:12.612692,http://127.0.0.1:5001/ping,200,17.89
2025-12-02T21:44:15.623429,http://127.0.0.1:5001/ping,200,3.71
2025-12-02T21:44:18.630801,http://127.0.0.1:5001/random-delay,404,5.26
2025-12-02T21:44:21.639378,http://127.0.0.1:5001/sometimes-error,404,5.81
2025-12-02T21:44:26.687701,http://127.0.0.1:5001/slow,200,2046.61
2025-12-02T21:44:29.698014,http://127.0.0.1:5001/sometimes-error,404,5.97
2025-12-02T21:44:32.704200,http://127.0.0.1:5001/sometimes-error,404,4.29
2025-12-02T21:44:35.712617,http://127.0.0.1:5001/sometimes-error,404,5.64
2025-12-02T21:44:38.719715,http://127.0.0.1:5001/ping,200,5.51
2025-12-02T21:44:41.735958,http://127.0.0.1:5001/sometimes-error,404,13.75
2025-12-02T21:44:44.743951,http://127.0.0.1:5001/sometimes-error,404,5.67
2025-12-02T21:44:47.751676,http://127.0.0.1:5001/sometimes-error,404,5.74
2025-12-02T21:44:53.708819,http://127.0.0.1:5001/slow,200,2955.08
2025-12-02T21:44:56.720154,http://127.0.0.1:5001/sometimes-error,404,9.23
2025-12-02T21:44:59.733947,http://127.0.0.1:5001/ping,200,11.59
2025-12-02T21:45:05.183155,http://127.0.0.1:5001/slow,200,2445.36
2025-12-02T21:45:08.193430,http://127.0.0.1:5001/ping,200,6.46
2025-12-02T21:45:12.470601,http://127.0.0.1:5001/slow,200,1274.29
2025-12-02T21:45:15.480798,http://127.0.0.1:5001/sometimes-error,404,8.2
2025-12-02T21:45:20.533831,http://127.0.0.1:5001/slow,200,2048.78
2025-12-02T21:45:23.554908,http://127.0.0.1:5001/ping,200,15.88
2025-12-02T21:45:26.569742,http://127.0.0.1:5001/sometimes-error,404,8.73
2025-12-02T21:45:29.582910,http://127.0.0.1:5001/random-delay,404,7.18
2025-12-02T21:45:32.590665,http://127.0.0.1:5001/sometimes-error,404,5.72
2025-12-02T21:45:37.970724,http://127.0.0.1:5001/slow,200,2377.54
2025-12-02T21:45:40.988780,http://127.0.0.1:5001/ping,200,15.31
2025-12-02T21:45:43.996080,http://127.0.0.1:5001/random-delay,404,5.05
2025-12-02T21:45:47.004907,http://127.0.0.1:5001/random-delay,404,5.61
2025-12-02T21:45:51.888354,http://127.0.0.1:5001/slow,200,1881.26
2025-12-02T21:45:57.695488,http://127.0.0.1:5001/slow,200,2804.98
2025-12-02T21:46:01.761680,http://127.0.0.1:5001/slow,200,1062.4
2025-12-02T21:46:07.768964,http://127.0.0.1:5001/slow,200,3005.21
2025-12-02T21:46:10.798567,http://127.0.0.1:5001/ping,200,26.62
2025-12-02T21:46:14.907924,http://127.0.0.1:5001/slow,200,1105.9
2025-12-02T21:46:17.924169,http://127.0.0.1:5001/sometimes-error,404,14.47
2025-12-02T21:46:23.531755,http://127.0.0.1:5001/slow,200,2605.13
2025-12-02T21:46:26.550037,http://127.0.0.1:5001/random-delay,404,12.31
2025-12-02T21:46:29.588601,http://127.0.0.1:5001/sometimes-error,404,32.67
2025-12-02T21:46:32.666623,http://127.0.0.1:5001/ping,200,64.72
2025-12-02T21:46:35.676108,http://127.0.0.1:5001/ping,200,7.93
2025-12-02T21:46:40.148514,http://127.0.0.1:5001/slow,200,1469.01
2025-12-02T21:46:43.155128,http://127.0.0.1:5001/random-delay,404,4.41
2025-12-02T21:46:46.163008,http://127.0.0.1:5001/random-delay,404,5.47
2025-12-02T21:46:49.169351,http://127.0.0.1:5001/ping,200,4.49
2025-12-02T21:46:52.176788,http://127.0.0.1:5001/sometimes-error,404,5.82
2025-12-02T21:46:55.183578,http://127.0.0.1:5001/sometimes-error,404,5.49
2025-12-02T21:46:58.192323,http://127.0.0.1:5001/sometimes-error,404,6.03
2025-12-02T21:47:01.205168,http://127.0.0.1:5001/ping,200,9.83
2025-12-02T21:47:04.212026,http://127.0.0.1:5001/random-delay,404,5.37
2025-12-02T21:47:09.700193,http://127.0.0.1:5001/slow,200,2486.17
2025-12-02T21:47:12.708175,http://127.0.0.1:5001/sometimes-error,404,5.33
2025-12-02T21:47:15.719272,http://127.0.0.1:5001/sometimes-error,404,7.12
2025-12-02T21:47:18.730087,http://127.0.0.1:5001/ping,200,7.68
2025-12-02T21:47:21.736062,http://127.0.0.1:5001/sometimes-error,404,4.31
2025-12-02T21:47:24.743419,http://127.0.0.1:5001/sometimes-error,404,4.89
2025-12-02T21:47:27.753868,http://127.0.0.1:5001/ping,200,8.38
2025-12-02T21:47:33.183801,http://127.0.0.1:5001/slow,200,2423.68
2025-12-02T21:47:36.210949,http://127.0.0.1:5001/sometimes-error,404,18.11
2025-12-02T21:47:40.375770,http://127.0.0.1:5001/slow,200,1159.65
2025-12-02T21:47:43.382878,http://127.0.0.1:5001/sometimes-error,404,4.66
2025-12-02T21:47:46.400388,http://127.0.0.1:5001/sometimes-error,404,15.73
2025-12-02T21:47:49.412102,http://127.0.0.1:5001/sometimes-error,404,3.6
2025-12-02T21:47:54.415755,http://127.0.0.1:5001/slow,200,2002.04
2025-12-02T21:47:57.464788,http://127.0.0.1:5001/ping,200,38.12
2025-12-02T21:48:00.500011,http://127.0.0.1:5001/sometimes-error,404,10.74
2025-12-02T21:48:03.516134,http://127.0.0.1:5001/sometimes-error,404,12.32
2025-12-02T21:48:06.557103,http://127.0.0.1:5001/sometimes-error,404,29.22
2025-12-02T21:48:12.489704,http://127.0.0.1:5001/slow,200,2925.48
2025-12-02T21:48:18.234202,http://127.0.0.1:5001/slow,200,2742.75
2025-12-02T21:48:23.851086,http://127.0.0.1:5001/slow,200,2610.73
2025-12-02T21:48:29.380552,http://127.0.0.1:5001/slow,200,2527.55
2025-12-02T21:48:32.420479,http://127.0.0.1:5001/sometimes-error,404,17.68
2025-12-02T21:48:35.438431,http://127.0.0.1:5001/ping,200,9.16
2025-12-02T21:48:38.461983,http://127.0.0.1:5001/random-delay,404,10.26
2025-12-02T21:48:43.395168,http://127.0.0.1:5001/slow,200,1927.14
2025-12-02T21:48:48.112804,http://127.0.0.1:5001/slow,200,1709.02
2025-12-02T21:48:51.120034,http://127.0.0.1:5001/ping,200,5.19
2025-12-02T21:48:54.131802,http://127.0.0.1:5001/ping,200,6.51
2025-12-02T21:48:57.139054,http://127.0.0.1:5001/ping,200,5.45
2025-12-02T21:49:00.156403,http://127.0.0.1:5001/random-delay,404,14.24
2025-12-02T21:49:03.165807,http://127.0.0.1:5001/sometimes-error,404,7.07
2025-12-02T21:49:08.138823,http://127.0.0.1:5001/slow,200,1968.34
2025-12-02T21:49:11.150356,http://127.0.0.1:5001/ping,200,8.72
2025-12-02T21:49:14.159498,http://127.0.0.1:5001/sometimes-error,404,5.2
2025-12-02T21:49:19.932354,http://127.0.0.1:5001/slow,200,2770.56
2025-12-02T21:49:22.940918,http://127.0.0.1:5001/random-delay,404,4.92
2025-12-02T21:49:25.949420,http://127.0.0.1:5001/ping,200,5.72
2025-12-02T21:49:28.972963,http://127.0.0.1:5001/random-delay,404,21.39
2025-12-02T21:49:32.006799,http://127.0.0.1:5001/sometimes-error,404,30.99
2025-12-02T21:49:35.017637,http://127.0.0.1:5001/random-delay,404,5.79
2025-12-02T21:49:39.878761,http://127.0.0.1:5001/slow,200,1855.08
2025-12-02T21:49:42.894779,http://127.0.0.1:5001/sometimes-error,404,9.39
2025-12-02T21:49:47.401321,http://127.0.0.1:5001/slow,200,1501.68
2025-12-02T21:49:50.419528,http://127.0.0.1:5001/sometimes-error,404,9.44
2025-12-02T21:49:55.690138,http://127.0.0.1:5001/slow,200,2261.82
2025-12-02T21:49:58.698654,http://127.0.0.1:5001/random-delay,404,5.51
2025-12-02T21:50:01.706667,http://127.0.0.1:5001/random-delay,404,6.33
2025-12-02T21:50:07.060131,http://127.0.0.1:5001/slow,200,2349.91
2025-12-02T21:50:10.069748,http://127.0.0.1:5001/ping,200,5.65
2025-12-02T21:50:13.077926,http://127.0.0.1:5001/random-delay,404,5.53
2025-12-02T21:50:16.210503,http://127.0.0.1:5001/random-delay,404,129.66
2025-12-02T21:50:19.234013,http://127.0.0.1:5001/ping,200,7.8
2025-12-02T21:50:22.245429,http://127.0.0.1:5001/random-delay,404,6.44
2025-12-02T21:50:25.258992,http://127.0.0.1:5001/sometimes-error,404,6.99
2025-12-02T21:50:28.268281,http://127.0.0.1:5001/ping,200,7.47
2025-12-02T21:50:34.140930,http://127.0.0.1:5001/slow,200,2866.38
2025-12-02T21:50:37.156924,http://127.0.0.1:5001/ping,200,7.49
2025-12-02T21:50:40.169654,http://127.0.0.1:5001/ping,200,10.18
2025-12-02T21:50:43.188572,http://127.0.0.1:5001/random-delay,404,15.9
2025-12-02T21:50:46.254797,http://127.0.0.1:5001/random-delay,404,62.09
2025-12-02T21:50:49.267685,http://127.0.0.1:5001/ping,200,5.07
2025-12-02T21:50:52.274855,http://127.0.0.1:5001/random-delay,404,5.04
2025-12-02T21:50:55.288782,http://127.0.0.1:5001/ping,200,11.86
2025-12-02T21:50:59.664351,http://127.0.0.1:5001/slow,200,1370.88
2025-12-02T21:51:02.678353,http://127.0.0.1:5001/random-delay,404,9.7
2025-12-02T21:51:06.991718,http://127.0.0.1:5001/slow,200,1309.49
2025-12-02T21:51:11.351357,http://127.0.0.1:5001/slow,200,1354.71
2025-12-02T21:51:14.476903,http://127.0.0.1:5001/sometimes-error,404,98.77
2025-12-02T21:51:20.027098,http://127.0.0.1:5001/slow,200,2544.23
2025-12-02T21:51:23.074608,http://127.0.0.1:5001/ping,200,45.61
2025-12-02T21:51:27.756431,http://127.0.0.1:5001/slow,200,1666.38
2025-12-02T21:51:30.777589,http://127.0.0.1:5001/random-delay,404,15.69
2025-12-02T21:51:34.876826,http://127.0.0.1:5001/slow,200,1097.52
2025-12-02T21:51:37.889859,http://127.0.0.1:5001/ping,200,6.35
2025-12-02T21:51:40.897552,http://127.0.0.1:5001/sometimes-error,404,6.0
2025-12-02T21:51:45.577214,http://127.0.0.1:5001/slow,200,1677.75
2025-12-02T21:51:48.591884,http://127.0.0.1:5001/ping,200,12.72
2025-12-02T21:51:51.601101,http://127.0.0.1:5001/random-delay,404,6.2
2025-12-02T21:51:55.938402,http://127.0.0.1:5001/slow,200,1334.97
2025-12-02T21:51:58.950261,http://127.0.0.1:5001/random-delay,404,6.94
2025-12-02T21:52:01.957707,http://127.0.0.1:5001/random-delay,404,4.97
2025-12-02T21:52:04.964826,http://127.0.0.1:5001/random-delay,404,4.77
2025-12-02T21:52:07.972864,http://127.0.0.1:5001/random-delay,404,6.24
2025-12-02T21:52:10.983007,http://127.0.0.1:5001/ping,200,8.05
2025-12-02T21:52:16.620594,http://127.0.0.1:5001/slow,200,2635.36
2025-12-02T21:52:19.634608,http://127.0.0.1:5001/random-delay,404,8.97
2025-12-02T21:52:22.655148,http://127.0.0.1:5001/ping,200,16.21
2025-12-02T21:52:25.661919,http://127.0.0.1:5001/ping,200,4.7
2025-12-02T21:52:28.675192,http://127.0.0.1:5001/sometimes-error,404,9.97
2025-12-02T21:52:31.685083,http://127.0.0.1:5001/sometimes-error,404,7.87
2025-12-02T21:52:34.696656,http://127.0.0.1:5001/ping,200,7.7
2025-12-02T21:52:38.998602,http://127.0.0.1:5001/slow,200,1293.25
2025-12-02T21:52:42.019143,http://127.0.0.1:5001/random-delay,404,15.15
2025-12-02T21:52:46.089821,http://127.0.0.1:5001/slow,200,1062.59
2025-12-02T21:52:50.722548,http://127.0.0.1:5001/slow,200,1630.87
2025-12-02T21:52:56.186592,http://127.0.0.1:5001/slow,200,2462.23
2025-12-02T21:53:00.456511,http://127.0.0.1:5001/slow,200,1262.84
2025-12-02T21:53:04.763959,http://127.0.0.1:5001/slow,200,1304.23
2025-12-02T21:53:07.771061,http://127.0.0.1:5001/ping,200,5.64
2025-12-02T21:53:10.790031,http://127.0.0.1:5001/random-delay,404,14.49
2025-12-02T21:53:13.801826,http://127.0.0.1:5001/sometimes-error,404,9.84
2025-12-02T21:53:16.837236,http://127.0.0.1:5001/random-delay,404,31.42
2025-12-02T21:53:21.035296,http://127.0.0.1:5001/slow,200,1191.28
2025-12-02T21:53:24.057226,http://127.0.0.1:5001/random-delay,404,15.38
2025-12-02T21:53:27.067361,http://127.0.0.1:5001/sometimes-error,404,6.04
2025-12-02T21:53:30.204324,http://127.0.0.1:5001/sometimes-error,404,130.22
2025-12-02T21:53:33.236115,http://127.0.0.1:5001/ping,200,15.24
2025-12-02T21:53:36.276536,http://127.0.0.1:5001/sometimes-error,404,32.41
2025-12-02T21:53:39.306746,http://127.0.0.1:5001/sometimes-error,404,18.67
2025-12-02T21:53:42.330002,http://127.0.0.1:5001/ping,200,5.52
2025-12-02T21:53:46.829181,http://127.0.0.1:5001/slow,200,1497.07
2025-12-02T21:53:52.545869,http://127.0.0.1:5001/slow,200,2707.8
2025-12-02T21:53:55.630831,http://127.0.0.1:5001/sometimes-error,404,74.45
2025-12-02T21:54:00.686325,http://127.0.0.1:5001/slow,200,1964.76
2025-12-02T21:54:03.730855,http://127.0.0.1:5001/sometimes-error,404,31.95
2025-12-02T21:54:06.758295,http://127.0.0.1:5001/ping,200,19.73
2025-12-02T21:54:09.796441,http://127.0.0.1:5001/ping,200,28.33
2025-12-02T21:54:12.837314,http://127.0.0.1:5001/ping,200,26.63
2025-12-02T21:54:15.862999,http://127.0.0.1:5001/ping,200,16.63
2025-12-02T21:54:19.141452,http://127.0.0.1:5001/sometimes-error,404,272.99
2025-12-02T21:54:22.149979,http://127.0.0.1:5001/ping,200,7.33
2025-12-02T21:54:25.187295,http://127.0.0.1:5001/ping,200,33.92
2025-12-02T21:54:28.394072,http://127.0.0.1:5001/random-delay,404,177.77
2025-12-02T21:54:31.733277,http://127.0.0.1:5001/sometimes-error,404,142.98
2025-12-02T21:54:34.865597,http://127.0.0.1:5001/ping,200,112.91
2025-12-02T21:54:40.873172,http://127.0.0.1:5001/slow,200,2991.35
2025-12-02T21:54:43.881670,http://127.0.0.1:5001/ping,200,5.37
2025-12-02T21:54:46.897782,http://127.0.0.1:5001/sometimes-error,404,12.66
2025-12-02T21:54:51.931775,http://127.0.0.1:5001/slow,200,2028.01
2025-12-02T21:54:54.959396,http://127.0.0.1:5001/random-delay,404,16.94
2025-12-02T21:54:57.972065,http://127.0.0.1:5001/random-delay,404,6.8
2025-12-02T21:55:02.270654,http://127.0.0.1:5001/slow,200,1292.62
2025-12-02T21:55:08.024755,http://127.0.0.1:5001/slow,200,2748.72
2025-12-02T21:55:11.052157,http://127.0.0.1:5001/ping,200,14.56
2025-12-02T21:55:14.232536,http://127.0.0.1:5001/sometimes-error,404,172.36
2025-12-02T21:55:19.011807,http://127.0.0.1:5001/slow,200,1771.08
2025-12-02T21:55:22.035883,http://127.0.0.1:5001/ping,200,21.92
2025-12-02T21:55:26.422707,http://127.0.0.1:5001/slow,200,1384.9
2025-12-02T21:55:29.446404,http://127.0.0.1:5001/sometimes-error,404,12.63
2025-12-02T21:55:33.578433,http://127.0.0.1:5001/slow,200,1128.67
2025-12-02T21:55:36.588957,http://127.0.0.1:5001/sometimes-error,404,8.27
2025-12-02T21:55:41.618016,http://127.0.0.1:5001/slow,200,2022.2
2025-12-02T21:55:44.631521,http://127.0.0.1:5001/sometimes-error,404,8.12
2025-12-02T21:55:47.683547,http://127.0.0.1:5001/sometimes-error,404,45.05
2025-12-02T21:55:50.746484,http://127.0.0.1:5001/sometimes-error,404,60.68
2025-12-02T21:55:54.861779,http://127.0.0.1:5001/slow,200,1104.59
2025-12-02T21:55:57.886095,http://127.0.0.1:5001/random-delay,404,16.7
2025-12-02T21:56:00.909685,http://127.0.0.1:5001/ping,200,14.09
2025-12-02T21:56:03.929931,http://127.0.0.1:5001/random-delay,404,16.0
2025-12-02T21:56:06.973007,http://127.0.0.1:5001/random-delay,404,35.89
2025-12-02T21:56:09.981298,http://127.0.0.1:5001/random-delay,404,5.79
2025-12-02T21:56:14.329342,http://127.0.0.1:5001/slow,200,1342.36
2025-12-02T21:56:17.353780,http://127.0.0.1:5001/random-delay,404,10.01
2025-12-02T21:56:20.369361,http://127.0.0.1:5001/ping,200,5.3
2025-12-02T21:56:25.151969,http://127.0.0.1:5001/slow,200,1780.14
2025-12-02T21:56:29.663809,http://127.0.0.1:5001/slow,200,1499.39
2025-12-02T21:56:32.672001,http://127.0.0.1:5001/ping,200,5.89
2025-12-02T21:56:35.715908,http://127.0.0.1:5001/random-delay,404,39.25
2025-12-02T21:56:40.118302,http://127.0.0.1:5001/slow,200,1396.71
2025-12-02T21:56:43.129951,http://127.0.0.1:5001/sometimes-error,404,8.68
2025-12-02T21:56:48.902802,http://127.0.0.1:5001/slow,200,2770.06
2025-12-02T21:56:51.926115,http://127.0.0.1:5001/sometimes-error,404,20.82
2025-12-02T21:56:54.978808,http://127.0.0.1:5001/sometimes-error,404,44.69
2025-12-02T21:56:58.001921,http://127.0.0.1:5001/sometimes-error,404,15.92
2025-12-02T21:57:01.022941,http://127.0.0.1:5001/ping,200,15.79
2025-12-02T21:57:04.039736,http://127.0.0.1:5001/random-delay,404,7.92
2025-12-02T21:57:08.769340,http://127.0.0.1:5001/slow,200,1724.72
2025-12-02T21:57:11.808594,http://127.0.0.1:5001/sometimes-error,404,37.44
2025-12-02T21:57:14.832876,http://127.0.0.1:5001/sometimes-error,404,11.32
2025-12-02T21:57:17.842220,http://127.0.0.1:5001/sometimes-error,404,5.32
2025-12-02T21:57:22.029681,http://127.0.0.1:5001/slow,200,1185.52
2025-12-02T21:57:25.042240,http://127.0.0.1:5001/random-delay,404,8.4
2025-12-02T21:57:28.051051,http://127.0.0.1:5001/sometimes-error,404,6.72
2025-12-02T21:57:31.062308,http://127.0.0.1:5001/sometimes-error,404,5.0
2025-12-02T21:57:34.082461,http://127.0.0.1:5001/ping,200,11.4
2025-12-02T21:57:37.090353,http://127.0.0.1:5001/ping,200,4.68
2025-12-02T21:57:42.050583,http://127.0.0.1:5001/slow,200,1957.02
2025-12-02T21:57:47.785520,http://127.0.0.1:5001/slow,200,2729.5
2025-12-02T21:57:53.302470,http://127.0.0.1:5001/slow,200,2508.81
2025-12-02T21:57:56.319422,http://127.0.0.1:5001/ping,200,14.3
2025-12-02T21:57:59.344268,http://127.0.0.1:5001/random-delay,404,15.78
2025-12-02T21:58:04.675889,http://127.0.0.1:5001/slow,200,2329.94
2025-12-02T21:58:09.242086,http://127.0.0.1:5001/slow,200,1563.05
2025-12-02T21:58:12.255861,http://127.0.0.1:5001/ping,200,9.86
2025-12-02T21:58:15.272321,http://127.0.0.1:5001/random-delay,404,14.53
2025-12-02T21:58:21.095375,http://127.0.0.1:5001/slow,200,2820.83
2025-12-02T21:58:24.106961,http://127.0.0.1:5001/sometimes-error,404,5.36
2025-12-02T21:58:27.133655,http://127.0.0.1:5001/random-delay,404,24.62
2025-12-02T21:58:30.147361,http://127.0.0.1:5001/ping,200,5.89
2025-12-02T21:58:34.718997,http://127.0.0.1:5001/slow,200,1570.06
2025-12-02T21:58:37.733140,http://127.0.0.1:5001/ping,200,3.61
2025-12-02T21:58:40.748315,http://127.0.0.1:5001/random-delay,404,12.21
2025-12-02T21:58:46.073197,http://127.0.0.1:5001/slow,200,2315.39
2025-12-02T21:58:49.086315,http://127.0.0.1:5001/random-delay,404,5.45
2025-12-02T21:58:52.096068,http://127.0.0.1:5001/sometimes-error,404,7.48
2025-12-02T21:58:55.109074,http://127.0.0.1:5001/random-delay,404,10.83
2025-12-02T21:58:58.116504,http://127.0.0.1:5001/sometimes-error,404,4.76
2025-12-02T21:59:01.123384,http://127.0.0.1:5001/sometimes-error,404,4.86
2025-12-02T21:59:06.793921,http://127.0.0.1:5001/slow,200,2669.24
2025-12-02T21:59:09.852617,http://127.0.0.1:5001/ping,200,54.48
2025-12-02T21:59:15.201746,http://127.0.0.1:5001/slow,200,2340.56
2025-12-02T21:59:18.305855,http://127.0.0.1:5001/sometimes-error,404,88.95
2025-12-02T21:59:23.835519,http://127.0.0.1:5001/slow,200,2523.04
2025-12-02T21:59:26.868948,http://127.0.0.1:5001/sometimes-error,404,29.37
2025-12-02T21:59:32.614152,http://127.0.0.1:5001/slow,200,2739.24
2025-12-02T21:59:38.453601,http://127.0.0.1:5001/slow,200,2827.86
2025-12-02T21:59:41.464354,http://127.0.0.1:5001/ping,200,8.2
2025-12-02T21:59:44.485152,http://127.0.0.1:5001/sometimes-error,404,18.27
2025-12-02T21:59:47.492796,http://127.0.0.1:5001/sometimes-error,404,4.48
2025-12-02T21:59:52.122850,http://127.0.0.1:5001/slow,200,1628.03
2025-12-02T21:59:55.135158,http://127.0.0.1:5001/ping,200,9.91
2025-12-02T21:59:58.158952,http://127.0.0.1:5001/sometimes-error,404,12.11
2025-12-02T22:00:01.168894,http://127.0.0.1:5001/ping,200,8.09
2025-12-02T22:00:06.447160,http://127.0.0.1:5001/slow,200,2270.8
2025-12-02T22:00:12.223817,http://127.0.0.1:5001/slow,200,2773.55
2025-12-02T22:00:15.266898,http://127.0.0.1:5001/sometimes-error,404,37.71
2025-12-02T22:00:18.288952,http://127.0.0.1:5001/random-delay,404,9.9
2025-12-02T22:00:21.299754,http://127.0.0.1:5001/sometimes-error,404,5.13
2025-12-02T22:00:24.306833,http://127.0.0.1:5001/sometimes-error,404,5.46
2025-12-02T22:00:27.314259,http://127.0.0.1:5001/sometimes-error,404,5.31
2025-12-02T22:00:30.326641,http://127.0.0.1:5001/random-delay,404,7.91
2025-12-02T22:00:33.335218,http://127.0.0.1:5001/random-delay,404,6.4
2025-12-02T22:00:37.855637,http://127.0.0.1:5001/slow,200,1518.5
2025-12-02T22:00:40.864255,http://127.0.0.1:5001/sometimes-error,404,5.62
2025-12-02T22:00:45.689013,http://127.0.0.1:5001/slow,200,1823.36
2025-12-02T22:00:48.699399,http://127.0.0.1:5001/ping,200,8.54
2025-12-02T22:00:51.710190,http://127.0.0.1:5001/random-delay,404,7.87
2025-12-02T22:00:54.738604,http://127.0.0.1:5001/random-delay,404,26.28
2025-12-02T22:01:02.781778,http://127.0.0.1:5001/random-delay,ERROR,-1
2025-12-02T22:01:08.457222,http://127.0.0.1:5001/slow,200,2672.16
2025-12-02T22:01:11.464466,http://127.0.0.1:5001/sometimes-error,404,4.72
2025-12-02T22:01:14.472931,http://127.0.0.1:5001/random-delay,404,7.15
2025-12-02T22:01:17.516165,http://127.0.0.1:5001/sometimes-error,404,39.52
2025-12-02T22:01:20.537784,http://127.0.0.1:5001/ping,200,10.11
2025-12-02T22:01:23.563226,http://127.0.0.1:5001/ping,200,16.26
2025-12-02T22:01:26.585724,http://127.0.0.1:5001/random-delay,404,16.48
2025-12-02T22:01:30.970546,http://127.0.0.1:5001/slow,200,1376.42
2025-12-02T22:01:34.075439,http://127.0.0.1:5001/ping,200,81.98
2025-12-02T22:01:37.111360,http://127.0.0.1:5001/random-delay,404,26.05
2025-12-02T22:01:40.189443,http://127.0.0.1:5001/sometimes-error,404,61.74
2025-12-02T22:01:43.289790,http://127.0.0.1:5001/random-delay,404,89.38
2025-12-02T22:01:46.344183,http://127.0.0.1:5001/ping,200,41.34
2025-12-02T22:01:51.216014,http://127.0.0.1:5001/slow,200,1861.81
2025-12-02T22:01:54.268507,http://127.0.0.1:5001/random-delay,404,16.45
2025-12-02T22:01:58.700395,http://127.0.0.1:5001/random-delay,404,94.24
2025-12-02T22:02:01.805262,http://127.0.0.1:5001/sometimes-error,404,80.39
2025-12-02T22:02:05.042040,http://127.0.0.1:5001/random-delay,404,218.81
2025-12-02T22:02:08.236099,http://127.0.0.1:5001/sometimes-error,404,128.75
2025-12-02T22:02:11.679843,http://127.0.0.1:5001/ping,200,425.97
2025-12-02T22:02:14.775174,http://127.0.0.1:5001/ping,200,44.39
2025-12-02T22:02:17.881488,http://127.0.0.1:5001/ping,200,94.8
2025-12-02T22:02:23.427155,http://127.0.0.1:5001/slow,200,2508.12
2025-12-02T22:02:27.017168,http://127.0.0.1:5001/sometimes-error,404,573.36
2025-12-02T22:02:32.505292,http://127.0.0.1:5001/slow,ERROR,-1
2025-12-02T22:02:35.545480,http://127.0.0.1:5001/random-delay,404,31.14
2025-12-02T22:02:38.640433,http://127.0.0.1:5001/ping,200,83.01
2025-12-02T22:02:42.123741,http://127.0.0.1:5001/slow,ERROR,-1
2025-12-02T22:02:45.332748,http://127.0.0.1:5001/ping,200,206.7
2025-12-02T22:02:48.379106,http://127.0.0.1:5001/ping,200,43.31
2025-12-02T22:02:52.115381,http://127.0.0.1:5001/ping,200,733.79
2025-12-02T22:02:56.204448,http://127.0.0.1:5001/slow,ERROR,-1
2025-12-02T22:02:59.769678,http://127.0.0.1:5001/slow,ERROR,-1
2025-12-02T22:03:02.778583,http://127.0.0.1:5001/ping,200,7.25
2025-12-02T22:03:06.352637,http://127.0.0.1:5001/random-delay,404,566.51
2025-12-02T22:03:09.510972,http://127.0.0.1:5001/ping,200,156.0
2025-12-02T22:03:13.148228,http://127.0.0.1:5001/ping,200,632.73
2025-12-02T22:03:16.157137,http://127.0.0.1:5001/ping,200,4.85
2025-12-02T22:03:19.234950,http://127.0.0.1:5001/ping,200,74.92
2025-12-02T22:03:22.773773,http://127.0.0.1:5001/slow,ERROR,-1
2025-12-02T22:03:26.080166,http://127.0.0.1:5001/ping,200,304.49
2025-12-02T22:03:29.329865,http://127.0.0.1:5001/sometimes-error,404,246.56
2025-12-02T22:03:33.323344,http://127.0.0.1:5001/random-delay,404,984.2
2025-12-02T22:03:36.707328,http://127.0.0.1:5001/sometimes-error,404,374.7
2025-12-02T22:03:40.413307,http://127.0.0.1:5001/random-delay,404,701.46
2025-12-02T22:03:43.429465,http://127.0.0.1:5001/sometimes-error,404,10.44
2025-12-02T22:03:48.045820,http://127.0.0.1:5001/slow,200,1609.97
2025-12-02T22:03:51.061991,http://127.0.0.1:5001/ping,200,5.91
2025-12-02T22:03:54.070801,http://127.0.0.1:5001/ping,200,5.88
2025-12-02T22:03:58.682605,http://127.0.0.1:5001/slow,200,1607.9
2025-12-02T22:04:01.706822,http://127.0.0.1:5001/random-delay,404,18.47
2025-12-02T22:04:04.757740,http://127.0.0.1:5001/ping,200,45.62
2025-12-02T22:04:07.775846,http://127.0.0.1:5001/sometimes-error,404,4.17
2025-12-02T22:04:13.160290,http://127.0.0.1:5001/slow,200,2382.64
2025-12-02T22:04:16.185576,http://127.0.0.1:5001/random-delay,404,9.11
2025-12-02T22:04:19.197740,http://127.0.0.1:5001/random-delay,404,9.05
2025-12-02T22:04:22.231095,http://127.0.0.1:5001/sometimes-error,404,28.6
2025-12-02T22:04:27.468065,http://127.0.0.1:5001/slow,200,2227.05
